509101,NC-D620-3MXI 3.3-10#2 BRAND-KR /MTS,BRAND-KR,IP-CAM,DOME,NC-D620-3MXI,MNC5220DR
513040,DC-D4216WRX 2.8#2 BRAND-KR,BRAND-KR,IP-CAM,DOME,DC-D4216WRX,DC-D1642WRX 2.8mm
513204,DC-D4811WRX 3.3#2 BRAND-KR,BRAND-KR,IP-CAM,DOME,DC-D4811WRX,DC-D1148WRX 3.3mm
513415,DC-D4236WRX-A 2.8-12#2 BRAND-KR,BRAND-KR,IP-CAM,DOME,DC-D4236WRX-A,DC-D3642WRX-A
514189,DC-D4517RXP 4.3#2 BRAND-KR,BRAND-KR,IP-CAM,DOME,DC-D4517RXP,DC-D1745RXP 4.3mm
514235,DC-D4517RXP 2.8#2 BRAND-KR,BRAND-KR,IP-CAM,DOME,DC-D4517RXP,DC-D1745RXP 2.8mm
512094,DC-T6233HRXL 4.4-10#2 BRAND-KR,BRAND-KR,IP-CAM,BULLET,DC-T6233HRXL,DC-T3362HRXL
511763,NC-S620-3ZX 4.3-129.0#2 BRAND-KR,BRAND-KR,IP-CAM,PTZ,NC-S620-3ZX,DC-S8332FX
514159,DC-V4212XJ 2.4#2 BRAND-KR,BRAND-KR,IP-CAM,MODULAR,DC-V4212XJ,DC-V1242XJ 2.4mm
514161,DC-V4212XJ 4.3#2 BRAND-KR,BRAND-KR,IP-CAM,MODULAR,DC-V4212XJ,DC-V1242XJ 4.3mm
514418,DC-M4211WRX 2.8#2 BRAND-KR /M12,BRAND-KR,IP-CAM,MOBILE,DC-M4211WRX,DC-M4211WRX 2.8mm
513553,DC-G953BX-A 2.7-13.5#2 BRAND-KR,BRAND-KR,IP-CAM,주차,DC-G953BX-A,DC-G953BX-A
513987,DC-G953AX-A 2.7-13.5#2 BRAND-KR,BRAND-KR,IP-CAM,주차,DC-G953AX-A,DC-G953AX-A
513992,DC-G6231L 4.3-9.8#2 BRAND-KR,BRAND-KR,IP-CAM,주차,DC-G6231L,DC-G3162L
513091,DC-D4831HRX 2.7-13.5#2 BRAND-KR,BRAND-KR,IP-CAM,DOME,DC-D4831HRX,DC-D3148HRX
513532,DC-D4516WRX-A 2.8#2 BRAND-KR,BRAND-KR,IP-CAM,DOME,DC-D4516WRX-A,DC-D1645WRX-A 2.8mm
513536,DC-D4516WRX-A 4.0#2 BRAND-KR,BRAND-KR,IP-CAM,DOME,DC-D4516WRX-A,DC-D1645WRX-A 4.0mm
514217,DC-D4537HRXA 2.7-13.5#2 BRAND-KR,BRAND-KR,IP-CAM,DOME,DC-D4537HRXA,DC-D3745HRXA
513093,DC-T4831HRX 2.7-13.5#2 BRAND-KR,BRAND-KR,IP-CAM,BULLET,DC-T4831HRX,DC-T3148HRX
513026,DC-T6222HRL #2 BRAND-KR,BRAND-KR,IP-CAM,BULLET,DC-T6222HRL,DC-T2262HRL
513289,DC-T4515WRX-A 4.0#2 BRAND-KR,BRAND-KR,IP-CAM,BULLET,DC-T4515WRX-A,DC-T1545WRX-A 4.0mm
513297,DC-T4811WRX-A 3.3#2 BRAND-KR,BRAND-KR,IP-CAM,BULLET,DC-T4811WRX-A,DC-T1148WRX-A 3.3mm
514312,DC-T4517WRX 4.3#2 BRAND-KR,BRAND-KR,IP-CAM,BULLET,DC-T4517WRX,DC-T1745WRX 4.3mm
701213,OTHERS C DC-T6830WRX BRAND-KR,BRAND-KR,IP-CAM,BULLET,OTHERS,
514310,DC-D4517RX 4.3#2 BRAND-KR,BRAND-KR,IP-CAM,DOME,DC-D4517RX,DC-D1745RX 4.3mm
514308,DC-D4517RX 2.8#2 BRAND-KR,BRAND-KR,IP-CAM,DOME,DC-D4517RX,DC-D1745RX 2.8mm
514507,DC-D4218WRA 2.8#2 BRAND-KR,BRAND-KR,IP-CAM,DOME,DC-D4218WRA,DC-D1842WRA 2.8mm
514508,DC-D4218WRA 4.0#2 BRAND-KR,BRAND-KR,IP-CAM,DOME,DC-D4218WRA,DC-D1842WRA 4.0mm
513045,DC-T4236WRX 2.8-12#2 BRAND-KR,BRAND-KR,IP-CAM,BULLET,DC-T4236WRX,DC-T3642WRX
513242,DC-T4217WRX 4.0#2 BRAND-KR,BRAND-KR,IP-CAM,BULLET,DC-T4217WRX,DC-T1742WRX 4.0mm
513506,DC-T4217WRX 2.8#2 BRAND-KR,BRAND-KR,IP-CAM,BULLET,DC-T4217WRX,DC-T1742WRX 2.8mm
513419,DC-E4216WRX-A 4.0#2 BRAND-KR,BRAND-KR,IP-CAM,BULLET,DC-E4216WRX-A,DC-T1642WRX-A 4.0mm
514190,DC-T4517WRXP 4.3#2 BRAND-KR,BRAND-KR,IP-CAM,BULLET,DC-T4517WRXP,DC-T1745WRXP 4.3mm
514191,DC-T4517WRXP 6.2#2 BRAND-KR,BRAND-KR,IP-CAM,BULLET,DC-T4517WRXP,DC-T1745WRXP 6.2mm
701152,DC-T4511WRX C 4.0#2 BRAND-KR,BRAND-KR,IP-CAM,BULLET,DC-T4511WRX,
513313,DC-D4217RX 2.8#2 BRAND-KR,BRAND-KR,IP-CAM,DOME,DC-D4217RX,DC-D1742RX 2.8mm
513238,DC-D4217RX 4.0#2 BRAND-KR,BRAND-KR,IP-CAM,DOME,DC-D4217RX,DC-D1742RX 4.0mm
513357,DC-D4831HRX-A 2.7-13.5#2 BRAND-KR,BRAND-KR,IP-CAM,DOME,DC-D4831HRX-A,DC-D3148HRX-A
513349,DC-D4535HRX-A 4-14#2 BRAND-KR,BRAND-KR,IP-CAM,DOME,DC-D4535HRX-A,DC-D3545HRX-A
513524,DC-D4516WRX 4.0#2 BRAND-KR,BRAND-KR,IP-CAM,DOME,DC-D4516WRX,DC-D1645WRX 4.0mm
513520,DC-D4516WRX 2.8#2 BRAND-KR,BRAND-KR,IP-CAM,DOME,DC-D4516WRX,DC-D1645WRX 2.8mm
510114,NC-EP620-XIP1-F1 4.0#2 BRAND-KR /MTS,BRAND-KR,IP-CAM,DOME,NC-EP620-XIP1,MNC5211DR 4.0mm
511415,DC-D4233RX 2.8-12#2 BRAND-KR,BRAND-KR,IP-CAM,DOME,DC-D4233RX,DC-D3342RX
513041,DC-D4236RX 2.8-12#2 BRAND-KR,BRAND-KR,IP-CAM,DOME,DC-D4236RX,DC-D3642RX
513663,DC-D4536HRX 3-13.5#2 BRAND-KR,BRAND-KR,IP-CAM,DOME,DC-D4536HRX,DC-D3645HRX
513665,DC-D4536HRX-A 3-13.5#2 BRAND-KR,BRAND-KR,IP-CAM,DOME,DC-D4536HRX-A,DC-D3645HRX-A
701150,DC-D4511RX C 2.1#2 BRAND-KR,BRAND-KR,IP-CAM,DOME,DC-D4511RX,
510871,DC-E4215WR 4.0#2 BRAND-KR,BRAND-KR,IP-CAM,BULLET,DC-E4215WR,DC-E1542WR 4.0mm
513666,DC-T4536HRX 3-13.5 #2 BRAND-KR,BRAND-KR,IP-CAM,BULLET,DC-T4536HRX,DC-T3645HRX
513416,DC-D4236HRX-A 2.8-12#2 BRAND-KR,BRAND-KR,IP-CAM,DOME,DC-D4236HRX-A,DC-D3642HRX-A
513662,DC-D4536RX 3-13.5#2 BRAND-KR,BRAND-KR,IP-CAM,DOME,DC-D4536RX,DC-D3645RX
514512,DC-D4248HRA 7-22#2 BRAND-KR,BRAND-KR,IP-CAM,DOME,DC-D4248HRA,DC-D4842HRA
510328,NC-A650-3MXH 3.6-10#2 BRAND-KR,BRAND-KR,IP-CAM,BULLET,NC-A650-3MXH,DC-T3335HRX
513124,DC-E4216WRX 4.0#2 BRAND-KR,BRAND-KR,IP-CAM,BULLET,DC-E4216WRX,DC-T1642WRX 4.0mm
513044,DC-E4216WRX 2.8#2 BRAND-KR,BRAND-KR,IP-CAM,BULLET,DC-E4216WRX,DC-T1642WRX 2.8mm
513432,DC-T4236WRX-A 2.8-12#2 BRAND-KR,BRAND-KR,IP-CAM,BULLET,DC-T4236WRX-A,DC-T3642WRX-A
514222,DC-T4537HRXA 2.7-13.5#2 BRAND-KR,BRAND-KR,IP-CAM,BULLET,DC-T4537HRXA,DC-T3745HRXA
513664,DC-D4536RX-A 3-13.5#2 BRAND-KR,BRAND-KR,IP-CAM,DOME,DC-D4536RX-A,DC-D3645RX-A
514212,DC-D4537RXA 2.7-13.5#2 BRAND-KR,BRAND-KR,IP-CAM,DOME,DC-D4537RXA,DC-D3745RXA
514511,DC-D4238HRA 2.8-12#2 BRAND-KR,BRAND-KR,IP-CAM,DOME,DC-D4238HRA,DC-D3842HRA
513208,DC-T4811WRX 3.3#2 BRAND-KR,BRAND-KR,IP-CAM,BULLET,DC-T4811WRX,DC-T1148WRX 3.3mm
513538,DC-T4516WRX-A 4.0#2 BRAND-KR,BRAND-KR,IP-CAM,BULLET,DC-T4516WRX-A,DC-T1645WRX-A 4.0mm
513534,DC-T4516WRX-A 2.8#2 BRAND-KR,BRAND-KR,IP-CAM,BULLET,DC-T4516WRX-A,DC-T1645WRX-A 2.8mm
512211,DC-S6283HRXL 6-216#2 BRAND-KR,BRAND-KR,IP-CAM,PTZ,DC-S6283HRXL,DC-S8362HRXL
513006,DC-S6261X 5.3-64#2 BRAND-KR,BRAND-KR,IP-CAM,PTZ,DC-S6261X,DC-S6162X
511764,NC-CF620-DP 4.3#1 BRAND-KR,BRAND-KR,IP-CAM,MODULAR,NC-CF620-DP,DC-V1332XJ 4.3mm
700896,DC-Z6281XL B PYZ-H8536Z2F BRAND-KR,BRAND-KR,IP-CAM,ZOOM,DC-Z6281XL,
512532,DC-C6203L #2 BRAND-KR,BRAND-KR,IP-CAM,주차,DC-C6203L,DC-C6203L
513039,DC-D4216RX 2.8#2 BRAND-KR,BRAND-KR,IP-CAM,DOME,DC-D4216RX,DC-D1642RX 2.8mm
513123,DC-D4216RX 4.0#2 BRAND-KR,BRAND-KR,IP-CAM,DOME,DC-D4216RX,DC-D1642RX 4.0mm
513293,DC-D4811WRX-A 3.3#2 BRAND-KR,BRAND-KR,IP-CAM,DOME,DC-D4811WRX-A,DC-D1148WRX-A 3.3mm
513400,DC-D4216RX-A 2.8#2 BRAND-KR,BRAND-KR,IP-CAM,DOME,DC-D4216RX-A,DC-D1642RX-A 2.8mm
513404,DC-D4216RX-A 4.0#2 BRAND-KR,BRAND-KR,IP-CAM,DOME,DC-D4216RX-A,DC-D1642RX-A 4.0mm
513409,DC-D4236RX-A 2.8-12#2 BRAND-KR,BRAND-KR,IP-CAM,DOME,DC-D4236RX-A,DC-D3642RX-A
513660,DC-D4211CRX 2.8#2 BRAND-KR,BRAND-KR,IP-CAM,DOME,DC-D4211CRX,DC-D1142CRX
513657,DC-B4501X #2 BRAND-KR,BRAND-KR,IP-CAM,BOX,DC-B4501X,DC-B0145X
513191,DC-Y6516WRX 1.5#2 BRAND-KR,BRAND-KR,IP-CAM,FISHEYE,DC-Y6516WRX,DC-Y1665WRX
513303,DC-Y6C16WRX-A 1.6#2 BRAND-KR,BRAND-KR,IP-CAM,FISHEYE,DC-Y6C16WRX-A,DC-Y166CWRX-A
513886,DC-V4212XJ-A 4.3#2 BRAND-KR,BRAND-KR,IP-CAM,MODULAR,DC-V4212XJ-A,DC-V1242XJ-A 4.3mm
513549,DC-G953CX 2.7-13.5#2 BRAND-KR,BRAND-KR,IP-CAM,주차,DC-G953CX,DC-G953CX
700824,DC-TH2011 BRAND-KR,BRAND-KR,IP-CAM,THERMAL,DC-TH2011,
513764,DR-2516P 1U#1 BRAND-KR 2TA,BRAND-KR,NVR,DR2,DR-2516P,DR-1625P
700714,TC-D4211RX 4.0#2 BRAND-KR /WHT,BRAND-KR,A-CAM,DOME,TC-D4211RX,
700721,TC-T4221WRX 2.8-12#2 BRAND-KR /WHT,BRAND-KR,A-CAM,BULLET,TC-T4221WRX,
700711,TC-B4201X #2 BRAND-KR /WHT,BRAND-KR,A-CAM,BOX,TC-B4201X,
514112,DV-3200-A 2U#1 BRAND-KR 0T,BRAND-KR,VA,DV,DV-3200-A,DV-3200-A
514181,DP-DE2108 #2 BRAND-KR,BRAND-KR,주변기기,ENC/DEC,DP-DE2108,DP-DE2108
514513,DC-T4238HRA 2.8-12#2 BRAND-KR,BRAND-KR,IP-CAM,BULLET,DC-T4238HRA,DC-T3842HRA
514154,DC-S6881HRX 6.5-202#2 BRAND-KR,BRAND-KR,IP-CAM,PTZ,DC-S6881HRX,DC-S8168HRX
514419,DC-M4211HRX 3.3#2 BRAND-KR /M12,BRAND-KR,IP-CAM,MOBILE,DC-M4211HRX,DC-M4211HRX 3.3mm
513282,DC-G8C11P 1.29#2 BRAND-KR,BRAND-KR,IP-CAM,주차,DC-G8C11P,DC-G8C11P
513389,DC-G8C11P-A 1.29#2 BRAND-KR,BRAND-KR,IP-CAM,주차,DC-G8C11P-A,DC-G8C11P-A
513554,DC-G953CX-A 2.7-13.5#2 BRAND-KR,BRAND-KR,IP-CAM,주차,DC-G953CX-A,DC-G953CX-A
513976,DC-G9416X 2.1#2 BRAND-KR,BRAND-KR,IP-CAM,주차,DC-G9416X,DC-G9416X
513984,DC-G9A3AX-(L) 2.7-13.5#2 BRAND-KR,BRAND-KR,IP-CAM,주차,DC-G9A3AX-(L),DC-G9A3AX-(L)
512678,DC-G9A34X-NR 2.7-13.5#2 BRAND-KR,BRAND-KR,IP-CAM,주차,DC-G9A34X-NR,DC-G9A34X-NR
513552,DC-G9002 BRAND-KR,BRAND-KR,IP-CAM,주차,DC-G9002,DC-G9002
700901,DC-SP6292P B PRP-H4500N BRAND-KR,BRAND-KR,IP-CAM,SPECIALTY,DC-SP6292P,
513762,DR-2508P 1U#1 BRAND-KR 2TA,BRAND-KR,NVR,DR2,DR-2508P,DR-0825P
700703,TC-D4511RX 4.0#2 BRAND-KR /WHT,BRAND-KR,A-CAM,DOME,TC-D4511RX,
513029,TC-D5531RX 3-13.5#2 BRAND-KR,BRAND-KR,A-CAM,DOME,TC-D5531RX,TC-D5531RX
513696,DC-B6206XL #2 BRAND-KR,BRAND-KR,IP-CAM,BOX,DC-B6206XL,DC-B0662XL
513145,DC-V4211XJ 2.4#1 BRAND-KR,BRAND-KR,IP-CAM,MODULAR,DC-V4211XJ,DC-V1142XJ 2.4mm
513974,DC-G9916X 2.1#2 BRAND-KR,BRAND-KR,IP-CAM,주차,DC-G9916X,DC-G9916X
513975,DC-G9916X-A 2.1#2 BRAND-KR,BRAND-KR,IP-CAM,주차,DC-G9916X-A,DC-G9916X-A
513978,DC-G9F3AX 2.7-13.5#2 BRAND-KR,BRAND-KR,IP-CAM,주차,DC-G9F3AX,DC-G9F3AX
513981,DC-G9A3AX-A 2.7-13.5#2 BRAND-KR,BRAND-KR,IP-CAM,주차,DC-G9A3AX-A,DC-G9A3AX-A
513986,DC-G953AX 2.7-13.5#2 BRAND-KR,BRAND-KR,IP-CAM,주차,DC-G953AX,DC-G953AX
701085,DC-SP6211FLT C AV-IC1768HTF2M BRAND-KR,BRAND-KR,IP-CAM,SPECIALTY,DC-SP6211FLT,
513760,DR-2504P 1U#1 BRAND-KR 2TA,BRAND-KR,NVR,DR2,DR-2504P,DR-0425P
514417,DR-2504P 1U#1 BRAND-KR 0T,BRAND-KR,NVR,DR2,DR-2504P,DR-0425P
513667,DC-T4536HRX-A 3-13.5 #2 BRAND-KR,BRAND-KR,IP-CAM,BULLET,DC-T4536HRX-A,DC-T3645HRX-A
513895,DC-S6681HRX-A 6.5-202#2 BRAND-KR,BRAND-KR,IP-CAM,PTZ,DC-S6681HRX-A,DC-S8166HRX-A
512676,DC-G9F34X-N 2.7-13.5#2 BRAND-KR,BRAND-KR,IP-CAM,주차,DC-G9F34X-N,DC-G9F34X-N
513977,DC-G9416X-A 2.1#2 BRAND-KR,BRAND-KR,IP-CAM,주차,DC-G9416X-A,DC-G9416X-A
513979,DC-G9F3AX-A 2.7-13.5#2 BRAND-KR,BRAND-KR,IP-CAM,주차,DC-G9F3AX-A,DC-G9F3AX-A
513982,DC-G9A3AX-(R) 2.7-13.5#2 BRAND-KR,BRAND-KR,IP-CAM,주차,DC-G9A3AX-(R),DC-G9A3AX-(R)
701200,OTHERS C DC-E5M156 BRAND-KR,BRAND-KR,IP-CAM,SPECIALTY,OTHERS,
511222,DC-T4233WRX 2.8-12#2 BRAND-KR /PP,BRAND-KR,IP-CAM,BULLET,DC-T4233WRX,NC-T4233WRX
513046,DC-T4236HRX 2.8-12#2 BRAND-KR,BRAND-KR,IP-CAM,BULLET,DC-T4236HRX,DC-T3642HRX
513424,DC-T4236HRX-A 2.8-12#2 BRAND-KR,BRAND-KR,IP-CAM,BULLET,DC-T4236HRX-A,DC-T3642HRX-A
513961,DC-T6223HRL 12-50#2 BRAND-KR,BRAND-KR,IP-CAM,BULLET,DC-T6223HRL,DC-T2362HRL
514510,DC-T4218WRA 4.0#2 BRAND-KR,BRAND-KR,IP-CAM,BULLET,DC-T4218WRA,DC-T1842WRA 4.0mm
514509,DC-T4218WRA 2.8#2 BRAND-KR,BRAND-KR,IP-CAM,BULLET,DC-T4218WRA,DC-T1842WRA 2.8mm
514514,DC-T4248HRA 7-22#2 BRAND-KR,BRAND-KR,IP-CAM,BULLET,DC-T4248HRA,DC-T4842HRA
514151,DC-S6681HRX 6.5-202#2 BRAND-KR,BRAND-KR,IP-CAM,PTZ,DC-S6681HRX,DC-S8166HRX
513192,DC-Y6C16WRX 1.6#2 BRAND-KR,BRAND-KR,IP-CAM,FISHEYE,DC-Y6C16WRX,DC-Y166CWRX
513522,DC-T4516WRX 2.8#2 BRAND-KR,BRAND-KR,IP-CAM,BULLET,DC-T4516WRX,DC-T1645WRX 2.8mm
513526,DC-T4516WRX 4.0#2 BRAND-KR,BRAND-KR,IP-CAM,BULLET,DC-T4516WRX,DC-T1645WRX 4.0mm
513962,DC-T6223HRL-A 12-50#2 BRAND-KR,BRAND-KR,IP-CAM,BULLET,DC-T6223HRL-A,DC-T2362HRL-A
510334,NC-S620-3ZXH 4.3-129.0#2 BRAND-KR,BRAND-KR,IP-CAM,PTZ,NC-S620-3ZXH,DC-S8332WHX
513509,DC-S6286HRXL 6-216#2 BRAND-KR,BRAND-KR,IP-CAM,PTZ,DC-S6286HRXL,DC-S8662HRXL
514527,DC-S6481HRA 6.91-248.76#2 BRAND-KR,BRAND-KR,IP-CAM,PTZ,DC-S6481HRA,DC-S8164HRA
513649,DC-M4211WRX-A 2.8#2 BRAND-KR,BRAND-KR,IP-CAM,MOBILE,DC-M4211WRX-A,DC-M1142WRX-A 2.8mm
512679,DC-G9A34X-NL 2.7-13.5#2 BRAND-KR,BRAND-KR,IP-CAM,주차,DC-G9A34X-NL,DC-G9A34X-NL
512680,DC-G9534X-N 2.7-13.5#2 BRAND-KR,BRAND-KR,IP-CAM,주차,DC-G9534X-N,DC-G9534X-N
512875,DC-G9914X 2.1#2 BRAND-KR,BRAND-KR,IP-CAM,주차,DC-G9914X,DC-G9914X
513985,DC-G9A3AX-A(L) 2.7-13.5#2 BRAND-KR,BRAND-KR,IP-CAM,주차,DC-G9A3AX-A(L),DC-G9A3AX-A(L)
509934,DA-EC3101T BRAND-KR,BRAND-KR,주변기기,송수신기,DA-EC3101T,DA-EC3101T
509554,DA-PI2101 BRAND-KR,BRAND-KR,주변기기,송수신기,DA-PI2101,DA-PI2101
512999,DS104D BRAND-KR 0T,BRAND-KR,주변기기,OTHERS,DS104D,IDS1004
514071,DR-1504P 1U#1 BRAND-KR 2TA /BLK,BRAND-KR,NVR,DR1,DR-1504P,DR-0415P
513802,DR-3516P 2U#8 BRAND-KR 4TA,BRAND-KR,NVR,DR3,DR-3516P,DR-1635P
513032,DR-6508P 2U#4 BRAND-KR 3TA,BRAND-KR,NVR,DR6,DR-6508P,DR-0865P
513034,DR-6532P 2U#4 BRAND-KR 4TA,BRAND-KR,NVR,DR6,DR-6532P,DR-3265P
513754,DR-8516 2U#1 BRAND-KR 4TA,BRAND-KR,NVR,DR8,DR-8516,DR-1685
514088,DR-8564D 2U#1 BRAND-KR 0T,BRAND-KR,NVR,DR8,DR-8564D,DR-6485D
514065,TR-1508 1U#1 BRAND-KR 4TA,BRAND-KR,DVR,TR1,TR-1508,TR-0815
513722,DP-HE1201 #2 BRAND-KR,BRAND-KR,주변기기,ENC/DEC,DP-HE1201,DP-HE1201
700705,TC-E4511WRX 4.0#2 BRAND-KR /WHT,BRAND-KR,A-CAM,BULLET,TC-E4511WRX,
513175,TC-V5211X 2.4#1 BRAND-KR,BRAND-KR,A-CAM,MODULAR,TC-V5211X,TC-V5211X 2.4mm
513967,TR-4508 2U#1 BRAND-KR 4TA,BRAND-KR,DVR,TR4,TR-4508,TR-0845
507121,DH-2010P BRAND-KR,BRAND-KR,주변기기,NET SWITCH,DH-2010P,DH-2010P
510739,DH-2328PF BRAND-KR,BRAND-KR,주변기기,NET SWITCH,DH-2328PF,DH-2328PF
514347,DH-2328PF-A BRAND-KR,BRAND-KR,주변기기,NET SWITCH,DH-2328PF-A,DH-2328PF-A
510469,DS104B BRAND-KR 0T,BRAND-KR,주변기기,OTHERS,DS104B,IDS1004
700906,OTHERS C VESS A3340 BRAND-KR,BRAND-KR,주변기기,OTHERS,PC,
701090,OTHERS C PRECISION3650T BRAND-KR,BRAND-KR,주변기기,OTHERS,PC,
700905,OTHERS C DB400TCA BRAND-KR,BRAND-KR,주변기기,OTHERS,PC,
513033,DR-6516P 2U#4 BRAND-KR 4TA,BRAND-KR,NVR,DR6,DR-6516P,DR-1665P
514087,DR-8564 2U#1 BRAND-KR 8TB,BRAND-KR,NVR,DR8,DR-8564,DR-6485
701123,"OTHERS,216TL C R750XS BRAND-KR",BRAND-KR,주변기기,OTHERS,PC,
701124,"OTHERS,132TK C R750XS BRAND-KR",BRAND-KR,주변기기,OTHERS,PC,
701173,PC C HKDI-DP5WCP BRAND-KR,BRAND-KR,주변기기,OTHERS,PC,
701223,PC C DM530AFA BRAND-KR,BRAND-KR,주변기기,OTHERS,PC,
701158,OTHERS C DB400TEA-Z6J BRAND-KR,BRAND-KR,주변기기,OTHERS,PC,
512876,DC-G9414X 2.1#2 BRAND-KR,BRAND-KR,IP-CAM,주차,DC-G9414X,DC-G9414X
513980,DC-G9A3AX 2.7-13.5#2 BRAND-KR,BRAND-KR,IP-CAM,주차,DC-G9A3AX,DC-G9A3AX
700827,DC-TH2012WR BRAND-KR,BRAND-KR,IP-CAM,THERMAL,DC-TH2012WR,
513741,IR-310D 2U#1 BRAND-KR 0T,BRAND-KR,NVR,IR,IR-310D,IR-310D
514031,IR-310D 2U#1 BRAND-KR 48TH,BRAND-KR,NVR,IR,IR-310D,IR-310D
513031,TC-T5531WRX 3-13.5#2 BRAND-KR,BRAND-KR,A-CAM,BULLET,TC-T5531WRX,TC-T5531WRX
513736,TR-2516 1U#1 BRAND-KR 4TA,BRAND-KR,DVR,TR2,TR-2516,TR-1625
514283,DV-1304-A #2 BRAND-KR,BRAND-KR,VA,DV,DV-1304-A,DV-1304-A
507516,DE-1108 #2 BRAND-KR,BRAND-KR,주변기기,ENC/DEC,DE-1108,DE-1108
509933,DA-EC3101R BRAND-KR,BRAND-KR,주변기기,송수신기,DA-EC3101R,DA-EC3101R
509556,DA-LP1101R BRAND-KR,BRAND-KR,주변기기,송수신기,DA-LP1101R,DA-LP1101R
513983,DC-G9A3AX-A(R) 2.7-13.5#2 BRAND-KR,BRAND-KR,IP-CAM,주차,DC-G9A3AX-A(R),DC-G9A3AX-A(R)
513988,DC-G9001 #2 BRAND-KR,BRAND-KR,IP-CAM,주차,DC-G9001,DC-G9001
700829,DC-TH2012W BRAND-KR,BRAND-KR,IP-CAM,THERMAL,DC-TH2012W,
514076,DR-1508P 1U#1 BRAND-KR 2TA /BLK,BRAND-KR,NVR,DR1,DR-1508P,DR-0815P
512982,IR-300A 2U#1 BRAND-KR 60TF,BRAND-KR,NVR,IR,IR-300A,IR-300A
513740,IR-310 2U#1 BRAND-KR 0T,BRAND-KR,NVR,IR,IR-310,IR-310
514032,IR-310D-A 2U#1 BRAND-KR 48TH,BRAND-KR,NVR,IR,IR-310D-A,IR-310D-A
513742,IR-310D-A 2U#1 BRAND-KR 0T,BRAND-KR,NVR,IR,IR-310D-A,IR-310D-A
700840,TC-S4261WR B MY-Y62-PB-I BRAND-KR,BRAND-KR,A-CAM,PTZ,TC-S4261WR,
511032,TR-1204 1U#1 BRAND-KR 0T /BLK,BRAND-KR,DVR,TR1,TR-1204,TR-0412
701125,"OTHERS,SWITCH C D2224GP BRAND-KR",BRAND-KR,주변기기,NET SWITCH,OTHERS,
700859,"OTHERS,SWITCH C DH-2026PFN BRAND-KR",BRAND-KR,주변기기,NET SWITCH,OTHERS,
700718,TC-E4211WRX 4.0#2 BRAND-KR /WHT,BRAND-KR,A-CAM,BULLET,TC-E4211WRX,
700707,TC-T4531WRX 2.8-12#2 BRAND-KR /WHT,BRAND-KR,A-CAM,BULLET,# TC-T4531WRX,
503659,INEX STANDARD BRAND-KR 32CH,BRAND-KR,VMS,INEX,INEX STANDARD,INEX STANDARD
513966,DV-1304 #2 BRAND-KR,BRAND-KR,VA,DV,DV-1304,DV-1304
507122,DH-2018P BRAND-KR,BRAND-KR,주변기기,NET SWITCH,DH-2018P,DH-2018P
514082,DP-DD1316 #2 BRAND-KR,BRAND-KR,주변기기,ENC/DEC,DP-DD1316,DP-DD1316
513969,TR-4516 2U#1 BRAND-KR 4TA,BRAND-KR,DVR,TR4,TR-4516,TR-1645
508378,DH-2212PF BRAND-KR,BRAND-KR,주변기기,NET SWITCH,DH-2212PF,DH-2212PF
512682,DH-2026PF BRAND-KR,BRAND-KR,주변기기,NET SWITCH,DH-2026PF,DH-2026PF
514370,DS104B-A BRAND-KR 0T,BRAND-KR,주변기기,OTHERS,DS104B-A,IDS1004-A
700902,DA-IR6100 C IR ILLUMINATOR BRAND-KR,BRAND-KR,CAM-ACC,OTHERS,OTHERS,
701177,OTHERS C DP-BT1100 BRAND-KR,BRAND-KR,Others,OTHERS,OTHERS,
700864,OTHERS C SPEEDFACE-V5[TD] BRAND-KR,BRAND-KR,Others,OTHERS,OTHERS,
701016,OTHERS C DO-PABL102 BRAND-KR,BRAND-KR,Others,OTHERS,OTHERS,
701184,DP-FS1100 C HRF-MD23 BRAND-KR,BRAND-KR,Others,OTHERS,OTHERS,
701145,OTHERS C DA-MP1100P-A BRAND-KR,BRAND-KR,Others,OTHERS,OTHERS,
701024,OTHERS C DO-CCUD100 SUS BRAND-KR,BRAND-KR,Others,OTHERS,OTHERS,
514133,DV-3200-C 2U#1 BRAND-KR 0T,BRAND-KR,VA,DV,DV-3200-C,DV-3200-C
511912,DH-2212F BRAND-KR,BRAND-KR,주변기기,NET SWITCH,DH-2212F,DH-2212F
700850,IOT C SPT-100 BRAND-KR,BRAND-KR,주변기기,OTHERS,IOT,
700856,IOT C SRT-8200 BRAND-KR,BRAND-KR,주변기기,OTHERS,IOT,
700848,IOT C SUD100 BRAND-KR,BRAND-KR,주변기기,OTHERS,IOT,
700992,IOT C ST-300 BRAND-KR,BRAND-KR,주변기기,OTHERS,IOT,
701217,IOT C DSGNNC BRAND-KR,BRAND-KR,주변기기,OTHERS,IOT,
701162,IOT C SRT-100-ACU BRAND-KR,BRAND-KR,주변기기,OTHERS,IOT,
701163,IOT C SRT-100-RST BRAND-KR,BRAND-KR,주변기기,OTHERS,IOT,
700849,IOT C CKT-100N BRAND-KR,BRAND-KR,주변기기,OTHERS,IOT,
700991,IOT C SRT-200 BRAND-KR,BRAND-KR,주변기기,OTHERS,IOT,
700884,IOT C STH-100 BRAND-KR,BRAND-KR,주변기기,OTHERS,IOT,
701181,IOT C SDS-200 BRAND-KR,BRAND-KR,주변기기,OTHERS,IOT,
701218,IOT C SWI-100 BRAND-KR,BRAND-KR,주변기기,OTHERS,IOT,
701219,IOT C DSSLNNV BRAND-KR,BRAND-KR,주변기기,OTHERS,IOT,
701220,IOT C SFV-300 BRAND-KR,BRAND-KR,주변기기,OTHERS,IOT,
700880,IOT C SRT-100-EMC BRAND-KR,BRAND-KR,주변기기,OTHERS,IOT,
700882,IOT C GSR-301L BRAND-KR,BRAND-KR,주변기기,OTHERS,IOT,
700993,IOT C SRT-100-CABLE BRAND-KR,BRAND-KR,주변기기,OTHERS,IOT,
701204,DA-BH1100EX C BRAND-KR,BRAND-KR,CAM-ACC,Mount,MOUNT,
701172,DA-WM2250 C SN-R1612+ BRAND-KR,BRAND-KR,CAM-ACC,Mount,MOUNT,
701171,DA-WM2200 C SN-R1612 BRAND-KR,BRAND-KR,CAM-ACC,Mount,MOUNT,
700994,IOT C SLL-400T BRAND-KR,BRAND-KR,주변기기,OTHERS,IOT,
700995,IOT C GSR-301A BRAND-KR,BRAND-KR,주변기기,OTHERS,IOT,
701115,IOT C ST-EV1 BRAND-KR,BRAND-KR,주변기기,OTHERS,IOT,
701105,MONITOR C S22E-20 BRAND-KR,BRAND-KR,주변기기,OTHERS,MONITOR,
701169,MONITOR C PD-LM22 BRAND-KR,BRAND-KR,주변기기,OTHERS,MONITOR,
701156,MONITOR C 22MP410 BRAND-KR,BRAND-KR,주변기기,OTHERS,MONITOR,
510740,AL-1112 #1 BRAND-KR,BRAND-KR,주변기기,OTHERS,AL-1112,AL-1112
509186,INK1100 BRAND-KR,BRAND-KR,주변기기,OTHERS,INK1100,INK1100
514372,DS104D-A BRAND-KR 0T,BRAND-KR,주변기기,OTHERS,DS104D-A,IDS1004-A
513635,DC-D4216RX-B 4.0#2 BRAND-KR NEW,BRAND-KR,Others,IP-CAM NEW,IP-CAM NEW,DC-D1642RX-B 4.0mm
513636,DC-E4216WRX-B 4.0#2 BRAND-KR NEW,BRAND-KR,Others,IP-CAM NEW,IP-CAM NEW,DC-T1642WRX-B 4.0mm
700862,OTHERS C SPEEDFACE-V5 BRAND-KR,BRAND-KR,Others,OTHERS,OTHERS,
700869,OTHERS C GLASS_BRACKET BRAND-KR,BRAND-KR,Others,OTHERS,OTHERS,
701197,OTHERS C DA-MP1200P BRAND-KR,BRAND-KR,Others,OTHERS,OTHERS,
700868,OTHERS C INBIOPRO160 BRAND-KR,BRAND-KR,Others,OTHERS,OTHERS,
700988,OTHERS C IT100 BRAND-KR,BRAND-KR,Others,OTHERS,OTHERS,
701018,OTHERS C DO-PLRD500 BRAND-KR,BRAND-KR,Others,OTHERS,OTHERS,
700887,OTHERS C STAND FOR SPEEDFACE BRAND-KR,BRAND-KR,Others,OTHERS,OTHERS,
701147,OTHERS C OBSERVER BRAND-KR,BRAND-KR,Others,OTHERS,OTHERS,
701178,OTHERS C DP-LB1100 BRAND-KR,BRAND-KR,Others,OTHERS,OTHERS,
701224,OTHERS C YOI-Q450P BRAND-KR,BRAND-KR,Others,OTHERS,OTHERS,
701198,OTHERS C DA-MP1200P-A BRAND-KR,BRAND-KR,Others,OTHERS,OTHERS,
700870,OTHERS C WEATHERPROOF_COVER BRAND-KR,BRAND-KR,Others,OTHERS,OTHERS,
505621,NC-S220 ACC KIT BRAND-KR,BRAND-KR,KIT,IP-CAM KIT,IP-CAM KIT,IDB221BS
510400,NC-G650-3MXP2 3.6-10#1 DARAE,DARAE,IP-CAM,주차,NC-G650-3MXP2,NC-G650-V101
513550,DC-G953DX 2.7-13.5#1 DARAE,DARAE,IP-CAM,주차,DC-G953DX,DC-G953DX
513551,DC-G953EX 2.7-13.5#1 DARAE,DARAE,IP-CAM,주차,DC-G953EX,DC-G953EX
510399,NC-G650-3MXP1 3.6-10#1 DARAE,DARAE,IP-CAM,주차,NC-G650-3MXP1,NC-G650-V100
512626,DA-GL1200 DARAE,DARAE,IP-CAM,주차,DA-GL1200,DA-GL1200
510401,NC-G6A1-3MXP 3.5-10#1 DARAE,DARAE,IP-CAM,주차,NC-G6A1-3MXP,NC-G650-V200
510403,DA-GL1100 DARAE,DARAE,IP-CAM,주차,DA-GL1100,NC-G650-V001
513588,DC-D4831HRX 2.7-13.5#2 ODM-KR,ODM-KR,IP-CAM,DOME,DC-D4831HRX,NC-D3148HRX
513590,DC-T4831HRX 2.7-13.5#2 ODM-KR,ODM-KR,IP-CAM,BULLET,DC-T4831HRX,NC-T3148HRX
514019,DC-D4217RX 2.8#2 ODM-KR,ODM-KR,IP-CAM,DOME,DC-D4217RX,NC-D1742RX 2.8mm
513594,DC-D4217RX 4.0#2 ODM-KR,ODM-KR,IP-CAM,DOME,DC-D4217RX,NC-D1742RX 4.0mm
514045,DC-D4516WRX 4.0#2 ODM-KR,ODM-KR,IP-CAM,DOME,DC-D4516WRX,NC-D1645WRX 4.0mm
512658,DC-D4233RX 2.8-12#2 ODM-KR,ODM-KR,IP-CAM,DOME,DC-D4233RX,NC-D3342RX
513258,DC-D4236RX 2.8-12#2 ODM-KR,ODM-KR,IP-CAM,DOME,DC-D4236RX,NC-D3642RX
514046,DC-D4536HRX 3-13.5#2 ODM-KR,ODM-KR,IP-CAM,DOME,DC-D4536HRX,NC-D3645HRX
514048,DC-T4536HRX 3-13.5 #2 ODM-KR,ODM-KR,IP-CAM,BULLET,DC-T4536HRX,NC-T3645HRX
514334,DC-D4536RX 3-13.5#2 ODM-KR,ODM-KR,IP-CAM,DOME,DC-D4536RX,NC-D3645RX
513259,DC-E4216WRX 4.0#2 ODM-KR,ODM-KR,IP-CAM,BULLET,DC-E4216WRX,NC-T1642WRX 4.0mm
513869,DC-D4536RX-A 3-13.5#2 ODM-KR,ODM-KR,IP-CAM,DOME,DC-D4536RX-A,NC-D3645RX-A
512653,NC-A620-3MXHS 4.4-10#2 ODM-KR,ODM-KR,IP-CAM,BULLET,NC-A620-3MXHS,NC-T3332HRXL
514119,DC-S6261X 5.3-64#2 ODM-KR,ODM-KR,IP-CAM,PTZ,DC-S6261X,NC-S6162X
512654,NC-D620-3MXHS 4.4-10#2 ODM-KR,ODM-KR,IP-CAM,DOME,NC-D620-3MXHS,NC-D3332HRXL
513257,DC-D4216RX 4.0#2 ODM-KR,ODM-KR,IP-CAM,DOME,DC-D4216RX,NC-D1642RX 4.0mm
513408,DC-D4216RX-A 4.0#2 ODM-KR,ODM-KR,IP-CAM,DOME,DC-D4216RX-A,NC-D1642RX-A 4.0mm
513775,DC-D4216RX-A 2.8#2 ODM-KR,ODM-KR,IP-CAM,DOME,DC-D4216RX-A,NC-D1642RX-A 2.8mm
514090,DC-Y6516WRX 1.5#2 ODM-KR,ODM-KR,IP-CAM,FISHEYE,DC-Y6516WRX,NC-Y1665WRX
513305,DC-Y6C16WRX-A 1.6#2 ODM-KR,ODM-KR,IP-CAM,FISHEYE,DC-Y6C16WRX-A,NC-Y166CWRX-A
514075,DR-1504P 1U#1 ODM-KR 0T /WHT,ODM-KR,NVR,DR1,DR-1504P,NR-0415P
514156,DC-S6881HRX 6.5-202#2 ODM-KR,ODM-KR,IP-CAM,PTZ,DC-S6881HRX,NC-S8168HRX
513927,DR-6532P 2U#4 ODM-KR 0T,ODM-KR,NVR,DR6,DR-6532P,NR-3265P
701144,DC-SP6211FLT C AV-IC1768HTF2M ODM-KR,ODM-KR,IP-CAM,SPECIALTY,DC-SP6211FLT,
513779,DC-T4536HRX-A 3-13.5 #2 ODM-KR,ODM-KR,IP-CAM,BULLET,DC-T4536HRX-A,NC-T3645HRX-A
513759,IR-300B 2U#1 ODM-KR 0T,ODM-KR,NVR,IR,IR-300B,IR-003B
513260,DC-T4236HRX 2.8-12#2 ODM-KR,ODM-KR,IP-CAM,BULLET,DC-T4236HRX,NC-T3642HRX
513237,DC-Y6C16WRX 1.6#2 ODM-KR,ODM-KR,IP-CAM,FISHEYE,DC-Y6C16WRX,NC-Y166CWRX
514047,DC-T4516WRX 4.0#2 ODM-KR,ODM-KR,IP-CAM,BULLET,DC-T4516WRX,NC-T1645WRX 4.0mm
513574,NC-S680-3ZXHA 6.5-202#2 ODM-KR,ODM-KR,IP-CAM,PTZ,NC-S680-3ZXHA,NC-S8338HRX-A
513512,DC-S6286HRXL 6-216#2 ODM-KR,ODM-KR,IP-CAM,PTZ,DC-S6286HRXL,NC-S8662HRXL
514529,DC-S6481HRA 6.91-248.76#2 ODM-KR,ODM-KR,IP-CAM,PTZ,DC-S6481HRA,NC-S8164HRA
513925,DR-3516P 2U#8 ODM-KR 0T,ODM-KR,NVR,DR3,DR-3516P,NR-1635P
513923,DR-2504P 1U#1 ODM-KR 0T,ODM-KR,NVR,DR2,DR-2504P,NR-0425P
513991,IR-310D 2U#1 ODM-KR 0T,ODM-KR,NVR,IR,IR-310D,IR-103D
514080,DR-1508P 1U#1 ODM-KR 0T /WHT,ODM-KR,NVR,DR1,DR-1508P,NR-0815P
513758,IR-310 2U#1 ODM-KR 0T,ODM-KR,NVR,IR,IR-310,IR-103
514236,DC-D4517RXP 4.3#2 S1,S1,IP-CAM,DOME,DC-D4517RXP,VDR-10300
513934,DC-T4217WRX 4.0#2 S1 /A-OUT,S1,IP-CAM,BULLET,DC-T4217WRX,VBR-10306
513935,DC-T4217WRX 4.0#2 S1-R /A-OUT,S1,IP-CAM,BULLET,DC-T4217WRX,VBR-10306R
513163,DC-T4217WRX 6.0#2 S1 /OUT,S1,IP-CAM,BULLET,DC-T4217WRX,VBR-10307
514238,DC-T4517WRXP 4.3#2 S1,S1,IP-CAM,BULLET,DC-T4517WRXP,VBR-10400
513933,DC-D4217RX 4.0#2 S1-R /A-OUT,S1,IP-CAM,DOME,DC-D4217RX,VDR-10214R
513331,DC-D4217RX 2.8#2 S1,S1,IP-CAM,DOME,DC-D4217RX,VDR-10214 2.8mm
513932,DC-D4217RX 4.0#2 S1 /A-OUT,S1,IP-CAM,DOME,DC-D4217RX,VDR-10214
513251,DR-2508P 1U#9 S1-R 2TA,S1,NVR,DR2,DR-2508P,VRN-10201R
513250,DR-2508P 1U#9 S1 2TA,S1,NVR,DR2,DR-2508P,VRN-10201
506718,DR-6116P 2U#3 S1 1200GD /ST /MTS,S1,NVR,DR6,# DR-6116P,VRN-10001 (12TB)
513247,DR-2504P 1U#9 S1 2TA,S1,NVR,DR2,DR-2504P,VRN-10200
513248,DR-2504P 1U#9 S1-R 2TA,S1,NVR,DR2,DR-2504P,VRN-10200R
513160,DC-T4217WRX 4.0#2 S1-R NEW,S1,S1,IP-CAM NEW,IP-CAM NEW,VBR-10306R
512623,DC-E4215WR 6.0#2 S1-R NEW,S1,S1,IP-CAM NEW,IP-CAM NEW,VBR-10078
512622,DC-D4215R-N 4.0#2 S1-R NEW,S1,S1,IP-CAM NEW,IP-CAM NEW,VDR-10070
513155,DC-D4217RX 4.0#2 S1-R NEW,S1,S1,IP-CAM NEW,IP-CAM NEW,VDR-10214R
513165,DC-T4217WRX 6.0#2 S1-R NEW,S1,S1,IP-CAM NEW,IP-CAM NEW,VBR-10307R
513501,DC-E4215WR 6.0#2 S1-R NEW /REV,S1,S1,IP-CAM NEW,IP-CAM NEW,VBR-10078
513020,DC-E4215WR 4.0#2 S1-R NEW /REV,S1,S1,IP-CAM NEW,IP-CAM NEW,VBR-10290R
701138,TC-D4212RX B 2.8#1 S1-R NEW,S1,S1,A-CAM NEW,A-CAM NEW,
701139,TC-D4212RX B 4.0#1 S1-R NEW,S1,S1,A-CAM NEW,A-CAM NEW,
701140,TC-T4212WRX B 4.0#1 S1-R NEW,S1,S1,A-CAM NEW,A-CAM NEW,
701110,TC-E4211WRX 4.0#2 S1-R NEW /SLV,S1,S1,A-CAM NEW,A-CAM NEW,
701141,TC-T4212WRX B 6.0#1 S1-R NEW,S1,S1,A-CAM NEW,A-CAM NEW,
513830,DR-3516P 2U#9 S1-R 4TA,S1,NVR,DR3,DR-3516P,VRN-10202R
513829,DR-3516P 2U#9 S1 4TA,S1,NVR,DR3,DR-3516P,VRN-10202
701094,TC-D4212RX B 4.0#1 S1-R,S1,A-CAM,DOME,TC-D4212RX,
701092,TC-D4212RX B 2.8#1 S1-R,S1,A-CAM,DOME,TC-D4212RX,
701093,TC-D4212RX B 4.0#1 S1,S1,A-CAM,DOME,TC-D4212RX,
701091,TC-D4212RX B 2.8#1 S1,S1,A-CAM,DOME,TC-D4212RX,
514502,TR-1504 1U#1 S1-R 2TA /BLK /OUT,S1,DVR,TR1,TR-1504,TSD-10120R
513865,TR-1504 1U#1 S1 2TA /BLK,S1,DVR,TR1,TR-1504,TSD-10120
514501,TR-1504 1U#1 S1 2TA /BLK /OUT,S1,DVR,TR1,TR-1504,TSD-10120
513311,TR-1504 1U#1 S1-R 2TA /BLK,S1,DVR,TR1,TR-1504,TSD-10120R
701096,TC-T4212WRX B 4.0#1 S1-R,S1,A-CAM,BULLET,TC-T4212WRX,
512555,DH-2212PF-A S1-R NEW,S1,S1,Others NEW,OTHERS NEW,HUB-10002A
509778,DH-2212PF S1-R NEW,S1,S1,Others NEW,OTHERS NEW,HUB-10002
701182,"SWITCH,HUB-10014 C YT208HP S1",S1,주변기기,NET SWITCH,OTHERS,
701183,"SWITCH,HUB-10013 C YT208HP S1-R",S1,주변기기,NET SWITCH,OTHERS,
514506,TR-4516 2U#9 S1-R 4TA /OUT,S1,DVR,TR4,TR-4516,TSD-10122R
514028,TR-4516 2U#9 S1 4TA,S1,DVR,TR4,TR-4516,TSD-10122
514505,TR-4516 2U#9 S1 4TA /OUT,S1,DVR,TR4,TR-4516,TSD-10122
514029,TR-4516 2U#9 S1-R 4TA,S1,DVR,TR4,TR-4516,TSD-10122R
701095,TC-T4212WRX B 4.0#1 S1,S1,A-CAM,BULLET,TC-T4212WRX,
701097,TC-T4212WRX B 6.0#1 S1,S1,A-CAM,BULLET,TC-T4212WRX,
701098,TC-T4212WRX B 6.0#1 S1-R,S1,A-CAM,BULLET,TC-T4212WRX,
514504,TR-2508 1U#8 S1-R 2TA /OUT,S1,DVR,TR2,TR-2508,TSD-10121R
513866,TR-2508 1U#8 S1 2TA,S1,DVR,TR2,TR-2508,TSD-10121
513312,TR-2508 1U#8 S1-R 2TA,S1,DVR,TR2,TR-2508,TSD-10121R
514382,DR-2504P 1U#9 S1-R 2TA NEW,S1,S1,NVR NEW,NVR NEW,VRN-10200R
514383,DR-2508P 1U#9 S1-R 2TA NEW,S1,S1,NVR NEW,NVR NEW,VRN-10201R
514384,DR-3516P 2U#9 S1-R 4TA NEW,S1,S1,NVR NEW,NVR NEW,VRN-10202R
511921,DR-6116P 2U#3 S1-R 4TA NEW,S1,S1,NVR NEW,NVR NEW,VRN-10002
512615,DR-4316PS 2U#8 S1-R 4TA NEW,S1,S1,NVR NEW,NVR NEW,VRN-10062
507180,DR-2104P 1U#3 S1-R 2TA NEW,S1,S1,NVR NEW,NVR NEW,VRN-10004
512614,DR-2308P 1U#8 S1-R 2TA NEW,S1,S1,NVR NEW,NVR NEW,VRN-10060
512613,DR-2304P 1U#8 S1-R 2TA NEW,S1,S1,NVR NEW,NVR NEW,VRN-10058
507181,DR-2108P 1U#3 S1-R 2TA NEW,S1,S1,NVR NEW,NVR NEW,VRN-10006
514369,TR-2508 1U#8 S1-R 2TA NEW /FOC,S1,S1,DVR NEW,DVR NEW,TSD-10121R
514539,TR-4516 2U#9 S1-R 4TA NEW /FOC,S1,S1,DVR NEW,DVR NEW,TSD-10122R
514134,TR-1504 1U#1 S1-R 2TA NEW /BLK,S1,S1,DVR NEW,DVR NEW,TSD-10120R
514368,TR-1504 1U#1 S1-R 2TA NEW /BLK /FOC,S1,S1,DVR NEW,DVR NEW,TSD-10120R
511401,DC-D4213RX 2.8#2 SI-KR,SI-KR,IP-CAM,DOME,DC-D4213RX,NC-D4213RX 2.8mm
511402,DC-D4213RX 4.0#2 SI-KR,SI-KR,IP-CAM,DOME,DC-D4213RX,NC-D4213RX 4.0mm
513205,DC-D4811WRX 3.3#2 SI-KR,SI-KR,IP-CAM,DOME,DC-D4811WRX,NC-D4811WRX 3.3mm
510332,NC-S620-3ZX 4.3-129.0#2 SI-KR,SI-KR,IP-CAM,PTZ,NC-S620-3ZX,NC-S3283FX
514160,DC-V4212XJ 2.4#2 SI-KR,SI-KR,IP-CAM,MODULAR,DC-V4212XJ,NC-V4212XJ 2.4mm
514162,DC-V4212XJ 4.3#2 SI-KR,SI-KR,IP-CAM,MODULAR,DC-V4212XJ,NC-V4212XJ 4.3mm
513533,DC-D4516WRX-A 2.8#2 SI-KR,SI-KR,IP-CAM,DOME,DC-D4516WRX-A,NC-D4516WRX-A 2.8mm
513298,DC-T4811WRX-A 3.3#2 SI-KR,SI-KR,IP-CAM,BULLET,DC-T4811WRX-A,NC-T4811WRX-A 3.3mm
513362,DC-T4831HRX-A 2.7-13.5#2 SI-KR,SI-KR,IP-CAM,BULLET,DC-T4831HRX-A,NC-T4831HRX-A
513243,DC-T4217WRX 4.0#2 SI-KR,SI-KR,IP-CAM,BULLET,DC-T4217WRX,NC-T4217WRX 4.0mm
513507,DC-T4217WRX 2.8#2 SI-KR,SI-KR,IP-CAM,BULLET,DC-T4217WRX,NC-T4217WRX 2.8mm
513420,DC-E4216WRX-A 4.0#2 SI-KR,SI-KR,IP-CAM,BULLET,DC-E4216WRX-A,NC-T4216WRX-A 4.0mm
510118,NC-D650-3MXI 3.6-10#2 SI-KR,SI-KR,IP-CAM,DOME,NC-D650-3MXI,NC-D3533RX
513239,DC-D4217RX 4.0#2 SI-KR,SI-KR,IP-CAM,DOME,DC-D4217RX,NC-D4217RX 4.0mm
513505,DC-D4217RX 2.8#2 SI-KR,SI-KR,IP-CAM,DOME,DC-D4217RX,NC-D4217RX 2.8mm
513358,DC-D4831HRX-A 2.7-13.5#2 SI-KR,SI-KR,IP-CAM,DOME,DC-D4831HRX-A,NC-D4831HRX-A
513525,DC-D4516WRX 4.0#2 SI-KR,SI-KR,IP-CAM,DOME,DC-D4516WRX,NC-D4516WRX 4.0mm
513521,DC-D4516WRX 2.8#2 SI-KR,SI-KR,IP-CAM,DOME,DC-D4516WRX,NC-D4516WRX 2.8mm
513048,DC-D4236RX 2.8-12#2 SI-KR,SI-KR,IP-CAM,DOME,DC-D4236RX,NC-D4236RX
512089,DC-D4533RX 3-13.5#2 DOME-SI /PP,SI-KR,IP-CAM,DOME,DC-D4533RX,DC-D3345RX
513671,DC-D4536HRX-A 3-13.5#2 SI-KR,SI-KR,IP-CAM,DOME,DC-D4536HRX-A,NC-D4536HRX-A
701151,DC-D4511RX C 2.1#2 SI-KR,SI-KR,IP-CAM,DOME,DC-D4511RX,
509634,NC-A650-3MXH 3.6-10#2 SI-KR,SI-KR,IP-CAM,BULLET,NC-A650-3MXH,NC-T3533HRX
513126,DC-E4216WRX 4.0#2 SI-KR,SI-KR,IP-CAM,BULLET,DC-E4216WRX,NC-T4216WRX 4.0mm
513049,DC-E4216WRX 2.8#2 SI-KR,SI-KR,IP-CAM,BULLET,DC-E4216WRX,NC-T4216WRX 2.8mm
513354,DC-T4535HRX-A 4-14#2 SI-KR,SI-KR,IP-CAM,BULLET,DC-T4535HRX-A,NC-T4535HRX-A
509932,NC-A620-3MXHS 4.4-10#2 SI-KR,SI-KR,IP-CAM,BULLET,NC-A620-3MXHS,NC-T3233HRXL
513209,DC-T4811WRX 3.3#2 SI-KR,SI-KR,IP-CAM,BULLET,DC-T4811WRX,NC-T4811WRX 3.3mm
513539,DC-T4516WRX-A 4.0#2 SI-KR,SI-KR,IP-CAM,BULLET,DC-T4516WRX-A,NC-T4516WRX-A 4.0mm
513535,DC-T4516WRX-A 2.8#2 SI-KR,SI-KR,IP-CAM,BULLET,DC-T4516WRX-A,NC-T4516WRX-A 2.8mm
513007,DC-S6261X 5.3-64#2 SI-KR,SI-KR,IP-CAM,PTZ,DC-S6261X,NC-S6261X
510117,NC-D620-3MXHS 4.4-10#2 SI-KR,SI-KR,IP-CAM,DOME,NC-D620-3MXHS,NC-D3233HRXL
513125,DC-D4216RX 4.0#2 SI-KR,SI-KR,IP-CAM,DOME,DC-D4216RX,NC-D4216RX 4.0mm
513047,DC-D4216RX 2.8#2 SI-KR,SI-KR,IP-CAM,DOME,DC-D4216RX,NC-D4216RX 2.8mm
513294,DC-D4811WRX-A 3.3#2 SI-KR,SI-KR,IP-CAM,DOME,DC-D4811WRX-A,NC-D4811WRX-A 3.3mm
513401,DC-D4216RX-A 2.8#2 SI-KR,SI-KR,IP-CAM,DOME,DC-D4216RX-A,NC-D4216RX-A 2.8mm
513410,DC-D4236RX-A 2.8-12#2 SI-KR,SI-KR,IP-CAM,DOME,DC-D4236RX-A,NC-D4236RX-A
513659,DC-D4211CRX 2.8#2 SI-KR,SI-KR,IP-CAM,DOME,DC-D4211CRX,NC-D4211CRX
700648,DC-T2224HR 6-50#2 SI-KR /WHT,SI-KR,IP-CAM,BULLET,DC-T2224HR,
511772,DC-Y8C13WRX 1.2#2 SI-KR,SI-KR,IP-CAM,FISHEYE,DC-Y8C13WRX,NC-Y8C13WRX
513193,DC-Y6516WRX 1.5#2 SI-KR,SI-KR,IP-CAM,FISHEYE,DC-Y6516WRX,NC-Y6516WRX
513302,DC-Y6516WRX-A 1.5#2 SI-KR,SI-KR,IP-CAM,FISHEYE,DC-Y6516WRX-A,NC-Y6516WRX-A
513304,DC-Y6C16WRX-A 1.6#2 SI-KR,SI-KR,IP-CAM,FISHEYE,DC-Y6C16WRX-A,NC-Y6C16WRX-A
513929,DC-V4212XJ-A 4.3#2 SI-KR,SI-KR,IP-CAM,MODULAR,DC-V4212XJ-A,NC-V4212XJ-A 4.3mm
513928,DC-V4212XJ-A 2.4#2 SI-KR,SI-KR,IP-CAM,MODULAR,DC-V4212XJ-A,NC-V4212XJ-A 2.4mm
700997,DC-Z6282X B PYZ-H8433Z2F SI-KR,SI-KR,IP-CAM,ZOOM,DC-Z6282X,
700677,TC-D4210RX 3.6#2 DOME-SI /MTS,SI-KR,A-CAM,DOME,TC-D4210RX,
513309,TR-2504 1U#5 SI-KR 2TA,SI-KR,DVR,TR2,TR-2504,HR-2504
514155,DC-S6881HRX 6.5-202#2 SI-KR,SI-KR,IP-CAM,PTZ,DC-S6881HRX,NC-S6881HRX
513036,DR-6532P 2U#1 SI-KR 4TA,SI-KR,NVR,DR6,DR-6532P,NR-6532P
513763,DR-2508P 1U#1 SI-KR 2TA,SI-KR,NVR,DR2,DR-2508P,NR-2508P
513697,DC-B6206XL #2 SI-KR,SI-KR,IP-CAM,BOX,DC-B6206XL,NC-B6206XL
513943,DC-S6881HRX-A 6.5-202#2 SI-KR,SI-KR,IP-CAM,PTZ,DC-S6881HRX-A,NC-S6881HRX-A
513672,DC-T4536HRX 3-13.5 #2 SI-KR,SI-KR,IP-CAM,BULLET,DC-T4536HRX,NC-T4536HRX
513673,DC-T4536HRX-A 3-13.5 #2 SI-KR,SI-KR,IP-CAM,BULLET,DC-T4536HRX-A,NC-T4536HRX-A
513944,DC-S6681HRX-A 6.5-202#2 SI-KR,SI-KR,IP-CAM,PTZ,DC-S6681HRX-A,NC-S6681HRX-A
700716,TC-D4221RX 2.8-12#2 SI-KR /WHT,SI-KR,A-CAM,DOME,TC-D4221RX,
509892,NC-A620-3MXH1 3.3-10#2 SI-KR,SI-KR,IP-CAM,BULLET,NC-A620-3MXH1,NC-T3234HRX
513050,DC-T4236HRX 2.8-12#2 SI-KR,SI-KR,IP-CAM,BULLET,DC-T4236HRX,NC-T4236HRX
513425,DC-T4236HRX-A 2.8-12#2 SI-KR,SI-KR,IP-CAM,BULLET,DC-T4236HRX-A,NC-T4236HRX-A
514152,DC-S6681HRX 6.5-202#2 SI-KR,SI-KR,IP-CAM,PTZ,DC-S6681HRX,NC-S6681HRX
513194,DC-Y6C16WRX 1.6#2 SI-KR,SI-KR,IP-CAM,FISHEYE,DC-Y6C16WRX,NC-Y6C16WRX
513523,DC-T4516WRX 2.8#2 SI-KR,SI-KR,IP-CAM,BULLET,DC-T4516WRX,NC-T4516WRX 2.8mm
513527,DC-T4516WRX 4.0#2 SI-KR,SI-KR,IP-CAM,BULLET,DC-T4516WRX,NC-T4516WRX 4.0mm
510333,NC-S620-3ZXH 4.3-129.0#2 SI-KR,SI-KR,IP-CAM,PTZ,NC-S620-3ZXH,NC-S3283WHX
510464,NC-S650-3ZXH 6.5-202#2 SI-KR,SI-KR,IP-CAM,PTZ,NC-S650-3ZXH,NC-S3583HRX
513510,DC-S6286HRXL 6-216#2 SI-KR,SI-KR,IP-CAM,PTZ,DC-S6286HRXL,NC-S6286HRXL
514072,DR-1504P 1U#1 SI-KR 2TA /WHT,SI-KR,NVR,DR1,DR-1504P,NR-1504P
513803,DR-3516P 2U#8 SI-KR 4TA,SI-KR,NVR,DR3,DR-3516P,NR-3516P
513970,TR-4516 2U#1 SI-KR 4TA,SI-KR,DVR,TR4,TR-4516,HR-4516
514122,TR-1508 1U#1 SI-KR 2TA,SI-KR,DVR,TR1,TR-1508,HR-1508
513308,TR-1504 1U#1 SI-KR 2TA /WHT,SI-KR,DVR,TR1,TR-1504,HR-1504
513761,DR-2504P 1U#1 SI-KR 2TA,SI-KR,NVR,DR2,DR-2504P,NR-2504P
513035,DR-6516P 2U#1 SI-KR 4TA,SI-KR,NVR,DR6,DR-6516P,NR-6516P
514182,DR-8564 2U#1 SI-KR 8TB,SI-KR,NVR,DR8,DR-8564,NR-8564
513990,IR-310D 2U#1 SI-KR 0T,SI-KR,NVR,IR,IR-310D,PR-310D
513737,TR-2516 1U#1 SI-KR 4TA,SI-KR,DVR,TR2,TR-2516,HR-2516
514077,DR-1508P 1U#1 SI-KR 2TA /WHT,SI-KR,NVR,DR1,DR-1508P,NR-1508P
509585,ID3932H 4U#P SI-KR 3TA DRW,SI-KR,NVR,ID,ID3932H,IDR9932
513989,IR-310 2U#1 SI-KR 0T,SI-KR,NVR,IR,IR-310,PR-310
513310,TR-2508 1U#5 SI-KR 2TA,SI-KR,DVR,TR2,TR-2508,HR-2508
514362,DC-D4831HRX 2.7-13.5#2 SI-TTA,SI-TTA,IP-CAM,DOME,DC-D4831HRX,DC-D4831HRXT
514363,DC-T4831HRX 2.7-13.5#2 SI-TTA,SI-TTA,IP-CAM,BULLET,DC-T4831HRX,DC-T4831HRXT
513596,DC-D4236RX 2.8-12#2 SI-TTA,SI-TTA,IP-CAM,DOME,DC-D4236RX,DC-D4236RXT
513609,DC-E4216WRX 4.0#2 SI-TTA,SI-TTA,IP-CAM,BULLET,DC-E4216WRX,DC-T4216WRXT
514177,DC-D4536RX-A 3-13.5#2 SI-TTA,SI-TTA,IP-CAM,DOME,DC-D4536RX-A,DC-D4536RX-AT
512013,NC-S680-3ZXH 6.5-202#2 SI-TTA,SI-TTA,IP-CAM,PTZ,NC-S680-3ZXH,DC-S3883HRXT
514170,DC-S6881HRX 6.5-202#2 SI-TTA,SI-TTA,IP-CAM,PTZ,DC-S6881HRX,DC-S6881HRXT
514325,DR-6532P 2U#1 SI-TTA 4TA,SI-TTA,NVR,DR6,DR-6532P,DR-6532PT
514137,DR-2504P 1U#1 SI-TTA 2TA,SI-TTA,NVR,DR2,DR-2504P,DR-2504PT
514178,DC-T4536HRX-A 3-13.5 #2 SI-TTA,SI-TTA,IP-CAM,BULLET,DC-T4536HRX-A,DC-T4536HRX-AT
513202,DC-T4236HRX 2.8-12#2 SI-TTA,SI-TTA,IP-CAM,BULLET,DC-T4236HRX,DC-T3642HRXT
514434,DC-Y6C16WRX 1.6#2 SI-TTA,SI-TTA,IP-CAM,FISHEYE,DC-Y6C16WRX,DC-Y6C16WRXT
513511,DC-S6286HRXL 6-216#2 SI-TTA,SI-TTA,IP-CAM,PTZ,DC-S6286HRXL,DC-S6286HRXLT
514324,DR-6516P 2U#1 SI-TTA 4TA,SI-TTA,NVR,DR6,DR-6516P,DR-6516PT
512996,IR-300A 2U#1 SI-TTA 0T,SI-TTA,NVR,IR,IR-300A,IR-300T
514365,IR-310D-A 2U#1 SI-TTA 0T,SI-TTA,NVR,IR,IR-310D-A,IR-310D-AT
,,,,,,
,,,,,,
,,,,,,
,,,,,,
,,,,,,
,,,,,,
,,,,,,
,,,,,,
,,,,,,
,,,,,,
,,,,,,
,,,,,,
,,,,,,
,,,,,,
,,,,,,
,,,,,,
,,,,,,
,,,,,,
,,,,,,
,,,,,,
,,,,,,
,,,,,,
,,,,,,
,,,,,,
,,,,,,
,,,,,,
,,,,,,
,,,,,,
,,,,,,
,,,,,,
,,,,,,
,,,,,,
,,,,,,
,,,,,,
,,,,,,
,,,,,,
,,,,,,
,,,,,,
,,,,,,
,,,,,,
,,,,,,
,,,,,,
,,,,,,
,,,,,,
,,,,,,
,,,,,,
,,,,,,
,,,,,,
,,,,,,
,,,,,,
,,,,,,
,,,,,,
,,,,,,
,,,,,,
,,,,,,
,,,,,,
,,,,,,
,,,,,,
,,,,,,
,,,,,,
,,,,,,
,,,,,,
,,,,,,
,,,,,,
,,,,,,
,,,,,,
,,,,,,
,,,,,,
,,,,,,
,,,,,,
,,,,,,
,,,,,,
,,,,,,
,,,,,,
,,,,,,
,,,,,,
,,,,,,
,,,,,,
,,,,,,
,,,,,,
,,,,,,
,,,,,,
,,,,,,
,,,,,,
,,,,,,
,,,,,,
,,,,,,
,,,,,,
,,,,,,
,,,,,,
,,,,,,
,,,,,,
,,,,,,
,,,,,,
,,,,,,
,,,,,,
,,,,,,
,,,,,,
,,,,,,
,,,,,,
,,,,,,
,,,,,,
,,,,,,
,,,,,,
,,,,,,
,,,,,,
,,,,,,
,,,,,,
,,,,,,
,,,,,,
,,,,,,
,,,,,,
,,,,,,
,,,,,,
,,,,,,
,,,,,,
,,,,,,
